<?xml version="1.0" encoding="ISO-8859-1" ?>
<amino_acid_list>
<amino_acid>
	<name>Alanine</name>
	<one_letter>A</one_letter>
	<three_letter>Ala</three_letter>
	<composition>C3H5ON</composition>
	<mono_mass>71.03711</mono_mass>
	<average_mass>71.0788</average_mass>
	<frequency>0.0828</frequency>
</amino_acid>
<amino_acid>
	<name>Arginine</name>
	<one_letter>R</one_letter>
	<three_letter>Arg</three_letter>
	<composition>C6H12ON4</composition>
	<mono_mass>156.10111</mono_mass>
	<average_mass>156.1875</average_mass>
	<frequency>0.0554</frequency>
</amino_acid>
<amino_acid>
	<name>Asparagine</name>
	<one_letter>N</one_letter>
	<three_letter>Asn</three_letter>
	<composition>C4H6O2N2</composition>
	<mono_mass>114.04293</mono_mass>
	<average_mass>114.1038</average_mass>
	<frequency>0.0404</frequency>
</amino_acid>
<amino_acid>
	<name>Aspartic_acid</name>
	<one_letter>D</one_letter>
	<three_letter>Asp</three_letter>
	<composition>C4H5O3N</composition>
	<mono_mass>115.02694</mono_mass>
	<average_mass>115.0886</average_mass>
	<frequency>0.0545</frequency>
</amino_acid>
<amino_acid>
	<name>Cysteine</name>
	<one_letter>C</one_letter>
	<three_letter>Cys</three_letter>
	<composition>C3H5ONS</composition>
	<mono_mass>103.00919</mono_mass>
	<average_mass>103.1388</average_mass>
	<frequency>0.0136</frequency>
</amino_acid>
<amino_acid>
	<name>Glutamic_acid</name>
	<one_letter>E</one_letter>
	<three_letter>Glu</three_letter>
	<composition>C5H7O3N</composition>
	<mono_mass>129.04259</mono_mass>
	<average_mass>129.1155</average_mass>
	<frequency>0.0394</frequency>
</amino_acid>
<amino_acid>
	<name>Glutamine</name>
	<one_letter>Q</one_letter>
	<three_letter>Gln</three_letter>
	<composition>C5H8O2N2</composition>
	<mono_mass>128.05858</mono_mass>
	<average_mass>128.1307</average_mass>
	<frequency>0.0677</frequency>
</amino_acid>
<amino_acid>
	<name>Glycine</name>
	<one_letter>G</one_letter>
	<three_letter>Gly</three_letter>
	<composition>C2H3ON</composition>
	<mono_mass>57.02146</mono_mass>
	<average_mass>57.0519</average_mass>
	<frequency>0.0709</frequency>
</amino_acid>
<amino_acid>
	<name>Histidine</name>
	<one_letter>H</one_letter>
	<three_letter>His</three_letter>
	<composition>C6H7ON3</composition>
	<mono_mass>137.05891</mono_mass>
	<average_mass>137.1411</average_mass>
	<frequency>0.0227</frequency>
</amino_acid>
<amino_acid>
	<name>Isoleucine</name>
	<one_letter>I</one_letter>
	<three_letter>Ile</three_letter>
	<composition>C6H11ON</composition>
	<mono_mass>113.08406</mono_mass>
	<average_mass>113.1594</average_mass>
	<frequency>0.0599</frequency>
</amino_acid>
<amino_acid>
	<name>Leucine</name>
	<one_letter>L</one_letter>
	<three_letter>Leu</three_letter>
	<composition>C6H11ON</composition>
	<mono_mass>113.08406</mono_mass>
	<average_mass>113.1594</average_mass>
	<frequency>0.0967</frequency>
</amino_acid>
<amino_acid>
	<name>Lysine</name>
	<one_letter>K</one_letter>
	<three_letter>Lys</three_letter>
	<composition>C6H12ON2</composition>
	<mono_mass>128.09496</mono_mass>
	<average_mass>128.1741</average_mass>
	<frequency>0.0586</frequency>
</amino_acid>
<amino_acid>
	<name>Methionine</name>
	<one_letter>M</one_letter>
	<three_letter>Met</three_letter>
	<composition>C5H9ONS</composition>
	<mono_mass>131.04049</mono_mass>
	<average_mass>131.1926</average_mass>
	<frequency>0.0243</frequency>
</amino_acid>
<amino_acid>
	<name>Phenylalanine</name>
	<one_letter>F</one_letter>
	<three_letter>Phe</three_letter>
	<composition>C9H9ON</composition>
	<mono_mass>147.06841</mono_mass>
	<average_mass>147.1766</average_mass>
	<frequency>0.0386</frequency>
</amino_acid>
<amino_acid>
	<name>Proline</name>
	<one_letter>P</one_letter>
	<three_letter>Pro</three_letter>
	<composition>C5H7ON</composition>
	<mono_mass>97.05276</mono_mass>
	<average_mass>97.1167</average_mass>
	<frequency>0.0468</frequency>
</amino_acid>
<amino_acid>
	<name>Serine</name>
	<one_letter>S</one_letter>
	<three_letter>Ser</three_letter>
	<composition>C3H5O2N</composition>
	<mono_mass>87.03203</mono_mass>
	<average_mass>87.0782</average_mass>
	<frequency>0.0649</frequency>
</amino_acid>
<amino_acid>
	<name>Threonine</name>
	<one_letter>T</one_letter>
	<three_letter>Thr</three_letter>
	<composition>C4H7O2N</composition>
	<mono_mass>101.04768</mono_mass>
	<average_mass>101.1051</average_mass>
	<frequency>0.0532</frequency>
</amino_acid>
<amino_acid>
	<name>Tryptophan</name>
	<one_letter>W</one_letter>
	<three_letter>Trp</three_letter>
	<composition>C11H10ON2</composition>
	<mono_mass>186.07931</mono_mass>
	<average_mass>186.2132</average_mass>
	<frequency>0.0108</frequency>
</amino_acid>
<amino_acid>
	<name>Tyrosine</name>
	<one_letter>Y</one_letter>
	<three_letter>Tyr</three_letter>
	<composition>C5H9ON</composition>
	<mono_mass>163.06333</mono_mass>
	<average_mass>163.1760</average_mass>
	<frequency>0.0291</frequency>
</amino_acid>
<amino_acid>
	<name>Valine</name>
	<one_letter>V</one_letter>
	<three_letter>Val</three_letter>
	<composition>C9H9O2N</composition>
	<mono_mass>99.06841</mono_mass>
	<average_mass>99.1326</average_mass>
	<frequency>0.0688</frequency>
</amino_acid>
<amino_acid>
	<name>Selenocysteine</name>
	<one_letter>U</one_letter>
	<three_letter>Sec</three_letter>
    <composition>C3H7NO2Se</composition>
	<mono_mass>150.953636</mono_mass>
	<average_mass>150.0388</average_mass>
	<frequency>0</frequency>
</amino_acid>
<amino_acid>
	<name>Pyrrolysine</name>
	<one_letter>O</one_letter>
	<three_letter>Pyl</three_letter>
    <composition>C12H21N3O3</composition>
	<mono_mass>237.147727</mono_mass>
	<average_mass>237.3018</average_mass>
	<frequency>0</frequency>
</amino_acid>
<amino_acid>
	<name>X</name>
	<one_letter>X</one_letter>
	<three_letter>Xxx</three_letter>
    <composition>C12H21N3O3</composition>
	<mono_mass>129.042595</mono_mass>
	<average_mass>129.042595</average_mass>
	<frequency>0</frequency>
</amino_acid>
</amino_acid_list>
