<?xml version="1.0" encoding="ISO-8859-1" ?> 
<post_translational_modifications>

<modification>
  <name>No PTM</name>
  <abbreviation>No PTM</abbreviation>
  <formula></formula>
  <mono_mass>0</mono_mass>
  <average_mass>0</average_mass>
  <is_empty>true</is_empty>
  <residues location="N-term"></residues>
  <residues location="C-term"></residues>
  <residues location="Anywhere"></residues>
  <rule>all kingdom</rule>
</modification>

<modification>
  <name>Acetylation</name>
  <abbreviation>Acetylation</abbreviation>
  <formula>H(2) C(2) O</formula>
  <mono_mass>42.010565</mono_mass>
  <average_mass>42.0367</average_mass>
  <is_empty>false</is_empty>
  <residues location="N-term">ADCEQGILMPSTV</residues>
  <residues location="C-term"></residues>
  <residues location="Anywhere"></residues>
  <rule>all kingdom</rule>
</modification> 

<modification>
  <name>Acetylation (K)</name>
  <abbreviation>Acetylation (K)</abbreviation>
  <formula>H(2) C(2) O</formula>
  <mono_mass>42.010565</mono_mass>
  <average_mass>42.0367</average_mass>
  <is_empty>false</is_empty>
  <residues location="N-term"></residues>
  <residues location="C-term"></residues>
  <residues location="Anywhere">K</residues>
  <rule>all kingdom</rule>
</modification> 

<modification>
  <name>Amidation</name>
  <abbreviation>Amidation</abbreviation>
  <formula>H N O(-1)</formula>
  <mono_mass>-0.984016</mono_mass>
  <average_mass>-0.9848</average_mass>
  <is_empty>false</is_empty>
  <residues location="N-term"></residues>
  <residues location="C-term">ARNDCEQGHILKMFPSTWYV</residues>
  <residues location="Anywhere"></residues>
  <rule>Eukaryotes, Needs a G after C-terminus on precursor</rule>
</modification> 

<modification>
  <name>Disulfide bond</name>
  <abbreviation>Disulfide</abbreviation>
  <formula>H(-1)</formula>
  <mono_mass>-1.007276</mono_mass>
  <average_mass>-1.007276</average_mass>
  <is_empty>false</is_empty>
  <residues location="N-term"></residues>
  <residues location="C-term"></residues>
  <residues location="Anywhere">C</residues>
  <rule></rule>
</modification> 

<modification>
  <name>Applied Biosystems original ICAT(TM) d0</name>
  <abbreviation>AB_old_ICATd0</abbreviation>
  <formula>H(34) C(20) N(4) O(5) S</formula>
  <mono_mass>442.224991</mono_mass>
  <average_mass>442.5728</average_mass>
  <is_empty>false</is_empty>
  <residues location="N-term"></residues>
  <residues location="C-term"></residues>
  <residues location="Anywhere">C</residues>
  <rule>isotopic label</rule>
</modification>

<modification>
  <name>Applied Biosystems original ICAT(TM) d8</name>
  <abbreviation>AB_old_ICATd8</abbreviation>
  <formula>H(26) 2H(8) C(20) N(4) O(5) S</formula>
  <mono_mass>450.275205</mono_mass>
  <average_mass>450.6221</average_mass>
  <is_empty>false</is_empty>
  <residues location="N-term"></residues>
  <residues location="C-term"></residues>
  <residues location="Anywhere">C</residues>
  <rule>isotopic label</rule>
</modification>
 
<modification>
  <name>Applied Biosystems cleavable ICAT(TM) light</name>
  <abbreviation>ICAT_light</abbreviation>
  <formula>H(17) C(10) N(3) O(3)</formula>
  <mono_mass>227.126991</mono_mass>
  <average_mass>227.2603</average_mass>
  <is_empty>false</is_empty>
  <residues location="N-term"></residues>
  <residues location="C-term"></residues>
  <residues location="Anywhere">C</residues>
  <rule></rule>
</modification> 

<modification>
  <name>Applied Biosystems cleavable ICAT(TM) heavy</name>
  <abbreviation>ICAT_heavy</abbreviation>
  <formula>H(17) C 13C(9) N(3) O(3)</formula>
  <mono_mass>236.157185</mono_mass>
  <average_mass>236.1942</average_mass>
  <is_empty>false</is_empty>
  <residues location="N-term"></residues>
  <residues location="C-term"></residues>
  <residues location="Anywhere">C</residues>
  <rule></rule>
</modification> 


<modification>
  <name>Applied Biosystems iTRAQ(TM) multiplexed quantitation chemistry (N)</name>
  <abbreviation>iTRAQ-114 (N)</abbreviation>
  <formula>H(12) C(5) 13C(2) N(2) 18O</formula>
  <mono_mass>144.105918</mono_mass>
  <average_mass>144.1680</average_mass>
  <is_empty>false</is_empty>
  <residues location="N-term">ARNDCEQGHILKMFPSTWYV</residues>
  <residues location="C-term"></residues>
  <residues location="Anywhere"></residues>
  <rule></rule>
</modification>


<modification>
  <name>Applied Biosystems iTRAQ(TM) multiplexed quantitation chemistry (K)</name>
  <abbreviation>iTRAQ-114</abbreviation>
  <formula>H(12) C(5) 13C(2) N(2) 18O</formula>
  <mono_mass>144.105918</mono_mass>
  <average_mass>144.1680</average_mass>
  <is_empty>false</is_empty>
  <residues location="N-term"></residues>
  <residues location="C-term"></residues>
  <residues location="Anywhere">K</residues>
  <rule></rule>
</modification>

<modification>
  <name>Applied Biosystems iTRAQ(TM) multiplexed quantitation chemistry (Y)</name>
  <abbreviation>iTRAQ-114 (Y)</abbreviation>
  <formula>H(12) C(5) 13C(2) N(2) 18O</formula>
  <mono_mass>144.105918</mono_mass>
  <average_mass>144.1680</average_mass>
  <is_empty>false</is_empty>
  <residues location="N-term"></residues>
  <residues location="C-term"></residues>
  <residues location="Anywhere">Y</residues>
  <rule></rule>
</modification>

<modification>
  <name>Applied Biosystems iTRAQ(TM) multiplexed quantitation chemistry (N)</name>
  <abbreviation>iTRAQ-115 (N)</abbreviation>
  <formula>H(12) C(6) 13C N 15N 18O</formula>
  <mono_mass>144.099599</mono_mass>
  <average_mass>144.1688</average_mass>
  <is_empty>false</is_empty>
  <residues location="N-term">ARNDCEQGHILKMFPSTWYV</residues>
  <residues location="C-term"></residues>
  <residues location="Anywhere"></residues>
  <rule></rule>
</modification>

<modification>
  <name>Applied Biosystems iTRAQ(TM) multiplexed quantitation chemistry (K)</name>
  <abbreviation>iTRAQ-115 (K)</abbreviation>
  <formula>H(12) C(6) 13C N 15N 18O</formula>
  <mono_mass>144.099599</mono_mass>
  <average_mass>144.1688</average_mass>
  <is_empty>false</is_empty>
  <residues location="N-term"></residues>
  <residues location="C-term"></residues>
  <residues location="Anywhere">K</residues>
  <rule></rule>
</modification>

<modification>
  <name>Applied Biosystems iTRAQ(TM) multiplexed quantitation chemistry (Y)</name>
  <abbreviation>iTRAQ-115 (Y)</abbreviation>
  <formula>H(12) C(6) 13C N 15N 18O</formula>
  <mono_mass>144.099599</mono_mass>
  <average_mass>144.1688</average_mass>
  <is_empty>false</is_empty>
  <residues location="N-term"></residues>
  <residues location="C-term"></residues>
  <residues location="Anywhere">Y</residues>
  <rule></rule>
</modification>

<modification>
  <name>Applied Biosystems iTRAQ(TM) 4plex (N)</name>
  <abbreviation>iTRAQ-4plex (N)</abbreviation>
  <formula>H(12) C(4) 13C(3) N 15N O</formula>
  <mono_mass>144.102063</mono_mass>
  <average_mass>144.1544</average_mass>
  <is_empty>false</is_empty>
  <residues location="N-term">ARNDCEQGHILKMFPSTWYV</residues>
  <residues location="C-term"></residues>
  <residues location="Anywhere"></residues>
  <rule></rule>
</modification>

<modification>
  <name>Applied Biosystems iTRAQ(TM) 4plex (K)</name>
  <abbreviation>iTRAQ-4plex (K)</abbreviation>
  <formula>H(12) C(4) 13C(3) N 15N O</formula>
  <mono_mass>144.102063</mono_mass>
  <average_mass>144.1544</average_mass>
  <is_empty>false</is_empty>
  <residues location="N-term"></residues>
  <residues location="C-term"></residues>
  <residues location="Anywhere">K</residues>
  <rule></rule>
</modification>

<modification>
  <name>Applied Biosystems iTRAQ(TM) 4plex (Y)</name>
  <abbreviation>iTRAQ-4plex (Y)</abbreviation>
  <formula>H(12) C(4) 13C(3) N 15N O</formula>
  <mono_mass>144.102063</mono_mass>
  <average_mass>144.1544</average_mass>
  <is_empty>false</is_empty>
  <residues location="N-term"></residues>
  <residues location="C-term"></residues>
  <residues location="Anywhere">Y</residues>
  <rule></rule>
</modification>

<modification>
  <name>Applied Biosystems iTRAQ(TM) 8plex (N)</name>
  <abbreviation>iTRAQ-8plex (N)</abbreviation>
  <formula>H(24) C(7) 13C(7) N(3) 15N O(3)</formula>
  <mono_mass>304.205360</mono_mass>
  <average_mass>304.3074</average_mass>
  <is_empty>false</is_empty>
  <residues location="N-term">ARNDCEQGHILKMFPSTWYV</residues>
  <residues location="C-term"></residues>
  <residues location="Anywhere"></residues>
  <rule></rule>
</modification>

<modification>
  <name>Applied Biosystems iTRAQ(TM) 8plex (K)</name>
  <abbreviation>iTRAQ-8plex (K)</abbreviation>
  <formula>H(24) C(7) 13C(7) N(3) 15N O(3)</formula>
  <mono_mass>304.205360</mono_mass>
  <average_mass>304.3074</average_mass>
  <is_empty>false</is_empty>
  <residues location="N-term"></residues>
  <residues location="C-term"></residues>
  <residues location="Anywhere">K</residues>
  <rule></rule>
</modification>

<modification>
  <name>Applied Biosystems iTRAQ(TM) 8plex (Y)</name>
  <abbreviation>iTRAQ-8plex (Y)</abbreviation>
  <formula>H(24) C(7) 13C(7) N(3) 15N O(3)</formula>
  <mono_mass>304.205360</mono_mass>
  <average_mass>304.3074</average_mass>
  <is_empty>false</is_empty>
  <residues location="N-term"></residues>
  <residues location="C-term"></residues>
  <residues location="Anywhere">Y</residues>
  <rule></rule>
</modification>

<modification>
  <name>Beta-methylthiolation</name>
  <abbreviation>Beta-methylthiolation</abbreviation>
  <formula>H(2) C S</formula>
  <mono_mass>45.987721</mono_mass>
  <average_mass>46.0916</average_mass>
  <is_empty>false</is_empty>
  <residues location="N-term"></residues>
  <residues location="C-term"></residues>
  <residues location="Anywhere">C</residues>
  <rule>Ecoli</rule>
</modification> 


<modification>
  <name>Biotinyl-iodoacetamidyl-3,6-dioxaoctanediamine</name>
  <abbreviation>PEO-Biotin</abbreviation>
  <formula>H(3) 0 C(18) N(4) O(5) S</formula>
  <mono_mass>414.193691</mono_mass>
  <average_mass>414.5196</average_mass>
  <is_empty>false</is_empty>
  <residues location="N-term"></residues>
  <residues location="C-term"></residues>
  <residues location="Anywhere">C</residues>
  <rule></rule>
</modification> 

<modification>
  <name>Biotinylation</name>
  <abbreviation>Biotin</abbreviation>
  <formula>H(14) C(10) N(2) O(2) S</formula>
  <mono_mass>226.077598</mono_mass>
  <average_mass>226.2954</average_mass>
  <is_empty>false</is_empty>
  <residues location="N-term"></residues>
  <residues location="C-term"></residues>
  <residues location="Anywhere">K</residues>
  <rule>all kingdom</rule>
</modification> 

<modification>
  <name>Carbamidomethylation</name>
  <abbreviation>Carbamidomethylation</abbreviation>
  <formula>H(3) C(2) N(1) O(1)</formula>
  <mono_mass>57.021464</mono_mass>
  <average_mass>57.0513</average_mass>
  <is_empty>false</is_empty>
  <residues location="N-term"></residues>
  <residues location="C-term"></residues>
  <residues location="Anywhere">C</residues>
  <rule></rule>
</modification>

<modification>
  <name>Carbamylation</name>
  <abbreviation>Carbamylation</abbreviation>  
  <formula>H C N O</formula>
  <mono_mass>43.005814</mono_mass>
  <average_mass>43.0247</average_mass>
  <is_empty>false</is_empty>
  <residues location="N-term">ARNDCEQGHILKMFPSTWYV</residues>
  <residues location="C-term"></residues>
  <residues location="Anywhere">K</residues>
  <rule>all kingdom</rule>
</modification> 



<modification>
  <name>Citrullination</name>
  <abbreviation>Citrullination</abbreviation>
  <formula>H(-1) N(-1) O</formula>
  <mono_mass>0.984016</mono_mass>
  <average_mass>0.9848</average_mass>
  <is_empty>false</is_empty>
  <residues location="N-term"></residues>
  <residues location="C-term"></residues>
  <residues location="Anywhere">R</residues>
  <rule>Mammalia</rule>
</modification> 

<modification>
  <name>C-Mannosylation</name>
  <abbreviation>C-Mannosylation</abbreviation>
  <formula>H(10) C(6) O(5)</formula>
  <mono_mass>162.052823</mono_mass>
  <average_mass>162.1424</average_mass>
  <is_empty>false</is_empty>
  <residues location="N-term"></residues>
  <residues location="C-term"></residues>
  <residues location="Anywhere">W</residues>
  <rule>Eukaryotes</rule>
</modification>



<modification>
  <name>Deamidation</name>
  <abbreviation>Deamidation</abbreviation>
  <formula>H(-1) N(-1) O</formula>
  <mono_mass>0.984016</mono_mass>
  <average_mass>0.9848</average_mass>
  <is_empty>false</is_empty>
  <residues location="N-term"></residues>
  <residues location="C-term"></residues>
  <residues location="Anywhere">NQ</residues>
  <rule>all kingdom, N needs to be followed by G</rule>
</modification> 

<modification>
  <name>Dehydration</name>
  <abbreviation>Dehydrated</abbreviation>
  <formula>H(-2) O(-1) </formula>
  <mono_mass>-18.010565</mono_mass>
  <average_mass>-18.0153</average_mass>
  <is_empty>false</is_empty>
  <residues location="N-term"></residues>
  <residues location="C-term">NQ</residues>
  <residues location="Anywhere">YTS</residues>
  <rule></rule>
</modification> 

<modification>
  <name>Dimethylation</name>
  <abbreviation>di-Methylation</abbreviation>
  <formula>H(4) C(2)</formula>
  <mono_mass>28.031300</mono_mass>
  <average_mass>28.0532</average_mass>
  <is_empty>false</is_empty>
  <residues location="N-term">ARNDCEQGHILKMFPSTWYV</residues>
  <residues location="C-term"></residues>
  <residues location="Anywhere">CKRHDENQ</residues>
  <rule>PFYILM in prokaryotes, except p, others in N-terminus after cleavage of signal peptide</rule>
</modification>

<modification>
  <name>Dioxidation</name>
  <abbreviation>dihydroxy</abbreviation>
  <formula>O(2)</formula>
  <mono_mass>31.989829</mono_mass>
  <average_mass>31.9988</average_mass>
  <is_empty>false</is_empty>
  <residues location="N-term"></residues>
  <residues location="C-term"></residues>
  <residues location="Anywhere">YMRKPCF</residues>
  <rule></rule>
</modification> 

<modification>
  <name>Flavin adenine dinucleotide</name>
  <abbreviation>FAD</abbreviation>
  <formula>H(31) C(27) N(9) O(15)</formula>
  <mono_mass>783.141486</mono_mass>
  <average_mass>783.5339</average_mass>
  <is_empty>false</is_empty>
  <residues location="N-term"></residues>
  <residues location="C-term"></residues>
  <residues location="Anywhere">CHY</residues>
  <rule>all</rule>
</modification> 

<modification>
  <name>Farnesylation</name>
  <abbreviation>Farnesylation</abbreviation> 
  <formula>H(24) C(15)</formula>
  <mono_mass>204.187801</mono_mass>
  <average_mass>204.3511</average_mass>
  <is_empty>false</is_empty>
  <residues location="N-term"></residues>
  <residues location="C-term"></residues>
  <residues location="Anywhere">C</residues>
  <rule>Eukaryotes, Viruses</rule>
</modification> 

<modification>
  <name>Formylation</name>
  <abbreviation>Formyl</abbreviation>
  <formula>C O</formula>
  <mono_mass>27.994915</mono_mass>
  <average_mass>28.0101</average_mass>
  <is_empty>false</is_empty>
  <residues location="N-term">ARNDCEQGHILKMFPSTWYV</residues>
  <residues location="C-term"></residues>
  <residues location="Anywhere">K</residues>
  <rule>all kingdom</rule>
</modification> 

<modification>
  <name>Gamma-carboxyglutamic acid</name>
  <abbreviation>carboxylation</abbreviation>
  <formula>C O(2)</formula>
  <mono_mass>43.989829</mono_mass>
  <average_mass>44.0095</average_mass>
  <is_empty>false</is_empty>
  <residues location="N-term"></residues>
  <residues location="C-term"></residues>
  <residues location="Anywhere">E</residues>
  <rule>Eukaryotes</rule>
</modification> 

<modification>
  <name>Guanidination</name>
  <abbreviation>Guanidination</abbreviation>
  <formula>H(2) C N(2)</formula>
  <mono_mass>42.021798</mono_mass>
  <average_mass>42.0400</average_mass>
  <is_empty>false</is_empty>
  <residues location="N-term"></residues>
  <residues location="C-term"></residues>
  <residues location="Anywhere">K</residues>
  <rule></rule>
</modification>

<modification>
  <name>Geranyl-geranyl</name>
  <abbreviation>Geranyl-geranyl</abbreviation>
  <formula>H(32) C(20)</formula>
  <mono_mass>272.250401</mono_mass>
  <average_mass>272.4681</average_mass>
  <is_empty>false</is_empty>
  <residues location="N-term"></residues>
  <residues location="C-term"></residues>
  <residues location="Anywhere">C</residues>
  <rule>Eukaryotes, Viruses</rule>
</modification> 

<modification>
  <name>O-GlcNAcylation</name>
  <abbreviation>O-GlcNAc</abbreviation>
  <formula>H(15) C(8) N O(6)</formula>
<!-- Mascot: HexNAc -->
  <mono_mass>203.0794</mono_mass>
  <average_mass>203.1950</average_mass>
  <is_empty>false</is_empty>
  <residues location="N-term"></residues>
  <residues location="C-term"></residues>
  <residues location="Anywhere">ST</residues>
  <rule>Eukaryotes</rule>
</modification>

<modification>
  <name>Glucosylation Glycation</name>
  <abbreviation>Glucosylation Glycation</abbreviation>
  <formula>C(6) H(10) O(5)</formula>
<!-- Mascot: Hex -->
  <mono_mass>162.0528</mono_mass>
  <average_mass>162.1424</average_mass>
  <is_empty>false</is_empty>
  <residues location="N-term">ARNDCEQGHILKMFPSTWYV</residues>
  <residues location="C-term"></residues>
  <residues location="Anywhere">NTK</residues>
  <rule>all kingdom</rule>
</modification> 

<modification>
  <name>4-hydroxynonenal (HNE)</name>
  <abbreviation>HNE</abbreviation>
  <formula>H(16) C(9) O(2)</formula>
  <mono_mass>156.115030</mono_mass>
  <average_mass>156.2221</average_mass>
  <is_empty>false</is_empty>
  <residues location="N-term"></residues>
  <residues location="C-term"></residues>
  <residues location="Anywhere">CHK</residues>
  <rule></rule>
</modification>

<modification>
  <name>Homoserine</name>
  <abbreviation>HSe</abbreviation>
  <formula>H(-2) C(-1) O S(-1)</formula>
  <mono_mass>-29.992806</mono_mass>
  <average_mass>-30.0922</average_mass>
  <is_empty>false</is_empty>
  <residues location="N-term"></residues>
  <residues location="C-term">M</residues>
  <residues location="Anywhere"></residues>
  <rule></rule>
</modification> 

<modification>
  <name>Homoserine lactone</name>
  <abbreviation>Hse_lact</abbreviation>
  <formula>H(-4) C(-1) S(-1)</formula>
  <mono_mass>-48.003371</mono_mass>
  <average_mass>-48.1075</average_mass>
  <is_empty>false</is_empty>
  <residues location="N-term"></residues>
  <residues location="C-term">M</residues>
  <residues location="Anywhere"></residues>
  <rule></rule>
</modification> 

<modification>
  <name>Hydroxylation</name>
  <abbreviation>Hydroxylation</abbreviation>
  <formula>H(2) O</formula>
  <mono_mass>15.994915</mono_mass>
  <average_mass>15.9994</average_mass>
  <is_empty>false</is_empty>
  <residues location="N-term"></residues>
  <residues location="C-term"></residues>
  <residues location="Anywhere">PKDNRY</residues>
  <rule>Eukaryotes</rule>
</modification> 

<modification>
  <name>ICPL-heavy</name>
  <abbreviation>Bruker Daltonics SERVA-ICPL(TM)</abbreviation>
  <formula>H(3) 13C(6) N O</formula>
  <mono_mass>111.041593</mono_mass>
  <average_mass>111.0500</average_mass>
  <is_empty>false</is_empty>
  <residues location="N-term">ARNDCEQGHILKMFPSTWYV</residues>
  <residues location="C-term"></residues>
  <residues location="Anywhere">K</residues>
  <rule>isotopic label</rule>
</modification>

<modification>
  <name>ICPL-light</name>
  <abbreviation>Bruker Daltonics SERVA-ICPL(TM)</abbreviation>
  <formula>H(3) C(6) N O</formula>
  <mono_mass>105.021464</mono_mass>
  <average_mass>105.0941</average_mass>
  <is_empty>false</is_empty>
  <residues location="N-term">ARNDCEQGHILKMFPSTWYV</residues>
  <residues location="C-term"></residues>
  <residues location="Anywhere">K</residues>
  <rule>isotopic label</rule>
</modification>


<modification>
  <name>Iodoacetic acid derivative</name>
  <abbreviation>Carboxymethyl</abbreviation>
  <formula>H(2) C(2) O(2)</formula>
  <mono_mass>58.005479</mono_mass>
  <average_mass>58.0361</average_mass>
  <is_empty>false</is_empty>
  <residues location="N-term"></residues>
  <residues location="C-term"></residues>
  <residues location="Anywhere">CKW</residues>
  <rule></rule>
</modification> 


<modification>
  <name>Lipoyl</name>
  <abbreviation>Lipoyl</abbreviation>
  <formula>H(12) C(8) O S(2)</formula>
  <mono_mass>188.032956</mono_mass>
  <average_mass>188.3103</average_mass>
  <is_empty>false</is_empty>
  <residues location="N-term"></residues>
  <residues location="C-term"></residues>
  <residues location="Anywhere">K</residues>
  <rule>all kingdom</rule>
</modification> 

<modification>
  <name>Methyl ester</name>
  <abbreviation>Me-ester</abbreviation>
  <formula>H(2) C</formula>
  <mono_mass>14.015650</mono_mass>
  <average_mass>14.0266</average_mass>
  <is_empty>false</is_empty>
  <residues location="N-term"></residues>
  <residues location="C-term">ARNDCEQGHILKMFPSTWYV</residues>
  <residues location="Anywhere">DE</residues>
  <rule></rule>
</modification> 

<modification>
  <name>Methylation</name>
  <abbreviation>Me</abbreviation>
  <formula>H(2) C</formula>
  <mono_mass>14.015650</mono_mass>
  <average_mass>14.0266</average_mass>
  <is_empty>false</is_empty>
  <residues location="N-term">ARNDCEQGHILKMFPSTWYV</residues>
  <residues location="C-term"></residues>
  <residues location="Anywhere">CKRHDENQ</residues>
  <rule>PFYILM in prokaryotes, except p, others in N-terminus after cleavage of signal peptide</rule>
</modification> 


<modification>
  <name>O18 label</name>
  <abbreviation>O18</abbreviation>
  <formula>18O</formula>
  <mono_mass>2.004246</mono_mass>
  <average_mass>1.9998</average_mass>
  <is_empty>false</is_empty>
  <residues location="N-term"></residues>
  <residues location="C-term">ARNDCEQGHILKMFPSTWYV</residues>
  <residues location="Anywhere">STY</residues>
  <rule></rule>
</modification>


<modification>
  <name>Propionamide</name>
  <abbreviation>Acrylamide adduct</abbreviation>
  <formula>H(5) C(3) N O</formula>
  <mono_mass>71.037114</mono_mass>
  <average_mass>71.0779</average_mass>
  <is_empty>false</is_empty>
  <residues location="N-term"></residues>
  <residues location="C-term"></residues>
  <residues location="Anywhere">C</residues>
  <rule></rule>
</modification>

<modification>
  <name>Trimethylation</name>
  <abbreviation>tri-Methylation</abbreviation>
  <formula>H(6) C(3)</formula>
  <mono_mass>42.046950</mono_mass>
  <average_mass>42.0797</average_mass>
  <is_empty>false</is_empty>
  <residues location="N-term">PAFYILM</residues>
  <residues location="C-term"></residues>
  <residues location="Anywhere">CKRHDENQ</residues>
  <rule>PFYILM in prokaryotes, except p, others in N-terminus after cleavage of signal peptide</rule>
</modification> 

<modification>
  <name>Myristoylation</name>
  <abbreviation>Myristoylation</abbreviation>
  <formula>H(26) C(14) O</formula>
  <mono_mass>210.198366</mono_mass>
  <average_mass>210.3556</average_mass>
  <is_empty>false</is_empty>
  <residues location="N-term">G</residues>
  <residues location="C-term"></residues>
  <residues location="Anywhere">KC</residues>
  <rule>GK in Eukaryotes and G also in Viruses</rule>
</modification> 



<modification>
  <name>N-acyl diglyceride cysteine</name>
  <abbreviation>Tripalmitate</abbreviation>
  <formula>H(96) C(51) O(5)</formula>
  <mono_mass>788.725777</mono_mass>
  <average_mass>789.3049</average_mass>
  <is_empty>false</is_empty>
  <residues location="N-term"></residues>
  <residues location="C-term"></residues>
  <residues location="Anywhere">C</residues>
  <rule>Prokaryotes, Archaebacteria, Phages. N-terminus after cleavage of signal peptide.  Additional rules: 1) The cysteine must be between positions 15 and 35 of the sequence in consideration. 2) There must be at least one Lys or one Arg in the first seven positions of the sequence.
</rule>
</modification>

<modification>
  <name>N-isopropylcarboxamidomethyl</name>
  <abbreviation>NIPCAM</abbreviation>
  <formula>H(9) C(5) N O</formula>
  <mono_mass>99.068414</mono_mass>
  <average_mass>99.1311</average_mass>
  <is_empty>false</is_empty>
  <residues location="N-term"></residues>
  <residues location="C-term"></residues>
  <residues location="Anywhere">C</residues>
  <rule></rule>
</modification> 

<modification>
  <name>N-Succinimidyl-3-morpholine acetate</name>
  <abbreviation>SMA</abbreviation>
  <formula>H(9) C(6) N O(2)</formula>
  <mono_mass>127.063329</mono_mass>
  <average_mass>127.1412</average_mass>
  <is_empty>false</is_empty>
  <residues location="N-term">ARNDCEQGHILKMFPSTWYV</residues>
  <residues location="C-term"></residues>
  <residues location="Anywhere">K</residues>
  <rule></rule>
</modification> 

<modification>
  <name>Oxidation</name>
  <abbreviation>OX</abbreviation>
  <formula>O</formula>
  <mono_mass>15.994915</mono_mass>
  <average_mass>15.9994</average_mass>
  <is_empty>false</is_empty>
  <neutral_loss> 63.99828 </neutral_loss>
  <residues location="N-term"></residues>
  <residues location="C-term"></residues>
  <residues location="Anywhere">MHW</residues>
  <rule></rule>
</modification>

<modification>
  <name>Palmitoylation</name>
  <abbreviation>Palmitoylation</abbreviation>
  <formula>H(30) C(16) O</formula>
  <mono_mass>238.229666</mono_mass>
  <average_mass>238.4088</average_mass>
  <is_empty>false</is_empty>
  <residues location="N-term"></residues>
  <residues location="C-term"></residues>
  <residues location="Anywhere">CSTK</residues>
  <rule>Eukaryotes</rule>
</modification> 

<modification>
  <name>Phosphopantetheine</name>
  <abbreviation>p-pantetheine</abbreviation>
  <formula>H(21) C(11) N(2) O(6) P S</formula>
  <mono_mass>340.085794</mono_mass>
  <average_mass>340.3330</average_mass>
  <is_empty>false</is_empty>
  <residues location="N-term"></residues>
  <residues location="C-term"></residues>
  <residues location="Anywhere">S</residues>
  <rule></rule>
</modification> 

<modification>
  <name>Phosphorylation</name>
  <abbreviation>Phospho</abbreviation>
  <formula>H O(3) P</formula>
  <mono_mass>79.966331</mono_mass>
  <average_mass>79.9799</average_mass>
  <is_empty>false</is_empty>
  <neutral_loss>97.976896</neutral_loss>
  <residues location="N-term"></residues>
  <residues location="C-term"></residues>
  <residues location="Anywhere">YHCDR</residues>
  <rule>C is in only Prokaryotes</rule>
</modification> 

<modification>
  <name>Phosphorylation-ST</name>
  <abbreviation>Phospho(ST)</abbreviation>
  <formula>H O(3) P</formula>
  <mono_mass>79.966331</mono_mass>
  <average_mass>79.9799</average_mass>
  <is_empty>false</is_empty>
  <neutral_loss>97.976896</neutral_loss>
  <residues location="N-term"></residues>
  <residues location="C-term"></residues>
  <residues location="Anywhere">ST</residues>
  <rule>C is in only Prokaryotes</rule>
</modification> 

<modification>
  <name>Pyridoxal phosphate</name>
  <abbreviation>Pyridoxal-phos</abbreviation>
  <formula>H(8) C(8) N O(5) P</formula>
  <mono_mass>229.014009</mono_mass>
  <average_mass>229.1266</average_mass>
  <is_empty>false</is_empty>
  <residues location="N-term"></residues>
  <residues location="C-term"></residues>
  <residues location="Anywhere">K</residues>
  <rule>not before E,P, not after D,P</rule>
</modification> 

<modification>
  <name>Pyro-glu from E</name>
  <abbreviation>Pyro-glu from E</abbreviation>
  <formula>H(-2) O(-1)</formula>
  <mono_mass>-18.010565</mono_mass>
  <average_mass>-18.0153</average_mass>
  <is_empty>false</is_empty>
  <residues location="N-term">E</residues>
  <residues location="C-term"></residues>
  <residues location="Anywhere"></residues>
  <rule></rule>
</modification>

<modification>
  <name>Pyro-glu from Q</name>
  <abbreviation>Pyro-glu from Q</abbreviation>
  <formula>H(-3) N(-1)</formula>
  <mono_mass>-17.026549</mono_mass>
  <average_mass>-17.0305</average_mass>
  <is_empty>false</is_empty>
  <residues location="N-term">Q</residues>
  <residues location="C-term"></residues>
  <residues location="Anywhere"></residues>
  <rule></rule>
</modification> 



<modification>
  <name>Pyrrolidone carboxylic acid</name>
  <abbreviation>Pyrrolidone carboxylic acid</abbreviation>
  <formula></formula>
  <mono_mass>-17.0266</mono_mass>
  <average_mass>-17.0306</average_mass>
  <is_empty>false</is_empty>
  <residues location="N-term">Q</residues>
  <residues location="C-term"></residues>
  <residues location="Anywhere"></residues>
  <rule></rule>
</modification> 


<modification>
  <name>S-carbamoylmethylcysteine cyclization(N-terminus)</name>
  <abbreviation>Pyro-cmC</abbreviation>
  <formula>H(-3) N(-1)</formula>
  <mono_mass>-17.026549</mono_mass>
  <average_mass>-17.0305</average_mass>
  <is_empty>false</is_empty>
  <residues location="N-term">C</residues>
  <residues location="C-term"></residues>
  <residues location="Anywhere"></residues>
  <rule></rule>
</modification> 

<modification>
  <name>Sodium adduct</name>
  <abbreviation>Sodiated</abbreviation>
  <formula>H(-1) Na</formula>
  <mono_mass>21.981943</mono_mass>
  <average_mass>21.9818</average_mass>
  <is_empty>false</is_empty>
  <residues location="N-term"></residues>
  <residues location="C-term">ARNDCEQGHILKMFPSTWYV</residues>
  <residues location="Anywhere">DE</residues>
  <rule></rule>
</modification> 


<modification>
  <name>S-pyridylethylation</name>
  <abbreviation>S-pyridylethyl</abbreviation>
  <formula>H(7) C(7) N</formula>
  <mono_mass>105.057849</mono_mass>
  <average_mass>105.1372</average_mass>
  <is_empty>false</is_empty>
  <residues location="N-term"></residues>
  <residues location="C-term"></residues>
  <residues location="Anywhere">C</residues>
  <rule></rule>
</modification> 

<modification>
  <name>Sulfation</name>
  <abbreviation>Sulfation</abbreviation>
  <formula>O(3) S</formula>
  <mono_mass>79.956815</mono_mass>
  <average_mass>80.0632</average_mass>
  <is_empty>false</is_empty>
  <residues location="N-term"></residues>
  <residues location="C-term"></residues>
  <residues location="Anywhere">Y</residues>
  <rule>Eukaryotes</rule>
</modification> 

<modification>
  <name>Sulphone</name>
  <abbreviation>Sulphone</abbreviation>
  <formula>O(2)</formula>
  <mono_mass>31.989829</mono_mass>
  <average_mass>31.9988</average_mass>
  <is_empty>false</is_empty>
  <residues location="N-term"></residues>
  <residues location="C-term"></residues>
  <residues location="Anywhere">M</residues>
  <rule></rule>
</modification> 

<modification>
  <name>TMT</name>
  <abbreviation>Native Tandem Mass Tag</abbreviation>
  <formula>H(20) C(12) N(2) O(2)</formula>
  <mono_mass>224.152478</mono_mass>
  <average_mass>224.2994</average_mass>
  <is_empty>false</is_empty>
  <residues location="N-term"></residues>
  <residues location="C-term"></residues>
  <residues location="Anywhere">K</residues>
  <rule></rule>
</modification>

<modification>
  <name>TMT2plex</name>
  <abbreviation>Duplex Tandem Mass Tag</abbreviation>
  <formula>H(20) C(11) 13C N(2) O(2)</formula>
  <mono_mass>225.155833</mono_mass>
  <average_mass>225.2921</average_mass>
  <is_empty>false</is_empty>
  <residues location="N-term"></residues>
  <residues location="C-term"></residues>
  <residues location="Anywhere">K</residues>
  <rule></rule>
</modification>

<modification>
  <name>TMT6plex</name>
  <abbreviation>Sixplex Tandem Mass Tag</abbreviation>
  <formula>H(20) C(8) 13C(4) N 15N O(2)</formula>
  <mono_mass>229.162932</mono_mass>
  <average_mass>229.2634</average_mass>
  <is_empty>false</is_empty>
  <residues location="N-term"></residues>
  <residues location="C-term"></residues>
  <residues location="Anywhere">K</residues>
  <rule></rule>
</modification>


<modification>
  <name>Ubiquitin</name>
  <abbreviation>GlyGly</abbreviation>
  <formula>H(6) C(4) N(2) O(2)</formula>
  <mono_mass>114.042927</mono_mass>
  <average_mass>114.1026</average_mass>
  <is_empty>false</is_empty>
  <residues location="N-term"></residues>
  <residues location="C-term"></residues>
  <residues location="Anywhere">K</residues>
  <rule></rule>
</modification>

<modification>
  <name>Xlink:DMP</name>
  <abbreviation>Both ends of crosslink attached to same peptide</abbreviation>
  <formula>H(10) C(7) N(2)</formula>
  <mono_mass>122.084398</mono_mass>
  <average_mass>122.1677</average_mass>
  <is_empty>false</is_empty>
  <residues location="N-term">ARNDCEQGHILKMFPSTWYV</residues>
  <residues location="C-term"></residues>
  <residues location="Anywhere">K</residues>
  <rule></rule>
</modification>

<modification>
  <name>Xlink:DMP-S</name>
  <abbreviation>One end of crosslink attached, one end free</abbreviation>
  <formula>H(14) C(8) N(2) O</formula>
  <mono_mass>154.110613</mono_mass>
  <average_mass>154.2096</average_mass>
  <is_empty>false</is_empty>
  <residues location="N-term">ARNDCEQGHILKMFPSTWYV</residues>
  <residues location="C-term"></residues>
  <residues location="Anywhere">K</residues>
  <rule></rule>
</modification>

<modification>
  <name>Xlink:DMP-SSD</name>
  <abbreviation>covalent modification of lysine by cross-linking reagent</abbreviation>
  <formula>H(15) C(12) N O(5)</formula>
  <mono_mass>253.095023</mono_mass>
  <average_mass>253.2512</average_mass>
  <is_empty>false</is_empty>
  <residues location="N-term"></residues>
  <residues location="C-term"></residues>
  <residues location="Anywhere">K</residues>
  <rule></rule>
</modification>

</post_translational_modifications>   
